<ImportExportXml xmlns:xsi="http://www.w3.org/2001/XMLSchema-instance">
  <Entities></Entities>
  <Roles></Roles>
  <Workflows></Workflows>
  <FieldSecurityProfiles></FieldSecurityProfiles>
  <Templates />
  <EntityMaps />
  <EntityRelationships />
  <OrganizationSettings />
  <optionsets />
  <CustomControls />
  <EntityDataProviders />
  <Connectors>
    <Connector>
      <connectorid>7ea605e5-f2e9-ed11-a7c5-6045bd033774</connectorid>
      <description></description>
      <displayname>InventDemo_Connector</displayname>
      <iconbrandcolor>#007ee5</iconbrandcolor>
      <name>new_inventdemo-5Fconnector</name>
      <connectortype>1</connectortype>
      <openapidefinition>/Connector/new_inventdemo-5Fconnector_openapidefinition.json</openapidefinition>
      <connectionparameters>/Connector/new_inventdemo-5Fconnector_connectionparameters.json</connectionparameters>
      <policytemplateinstances>/Connector/new_inventdemo-5Fconnector_policytemplateinstances.json</policytemplateinstances>
    </Connector>
  </Connectors>
  <Languages>
    <Language>1033</Language>
  </Languages>
</ImportExportXml>