<ImportExportXml xmlns:xsi="http://www.w3.org/2001/XMLSchema-instance">
  <Entities></Entities>
  <Roles></Roles>
  <Workflows></Workflows>
  <FieldSecurityProfiles></FieldSecurityProfiles>
  <Templates />
  <EntityMaps />
  <EntityRelationships />
  <OrganizationSettings />
  <optionsets />
  <CustomControls />
  <EntityDataProviders />
  <CanvasApps>
    <CanvasApp>
      <Name>msbuild_inventonhand_540a0</Name>
      <AppVersion>2023-05-03T11:09:44Z</AppVersion>
      <Status>Ready</Status>
      <CreatedByClientVersion>3.23043.16.0</CreatedByClientVersion>
      <MinClientVersion>3.23043.16.0</MinClientVersion>
      <Tags>{"primaryDeviceWidth":"640","primaryDeviceHeight":"1136","supportsPortrait":"true","supportsLandscape":"true","primaryFormFactor":"Phone","publisherVersion":"3.23043.16","minimumRequiredApiVersion":"2.2.0","hasComponent":"false","hasUnlockedComponent":"false","isUnifiedRootApp":"false"}</Tags>
      <IsCdsUpgraded>0</IsCdsUpgraded>
      <GalleryItemId xsi:nil="true"></GalleryItemId>
      <BackgroundColor>RGBA(0,176,240,1)</BackgroundColor>
      <DisplayName>InventOnHand</DisplayName>
      <Description xsi:nil="true"></Description>
      <CommitMessage xsi:nil="true"></CommitMessage>
      <Publisher xsi:nil="true"></Publisher>
      <AuthorizationReferences>[]</AuthorizationReferences>
      <ConnectionReferences>{"04b05e32-d4c1-441d-9178-1eb79b47a556":{"id":"/providers/microsoft.powerapps/apis/shared_new-5finvent-5fconnector-5fad84488acc8b1b71","displayName":"Invent_Connector","iconUri":"https://az787822.vo.msecnd.net/defaulticons/api-dedicated.png","dataSources":["Invent_Connector"],"dependencies":[],"dependents":[],"parameterHints":{},"parameterHintsV2":{},"isOnPremiseConnection":false,"dataSets":{},"apiTier":"Standard","actions":["GetWarehouse","GetInventory"],"customApiLogicalName":"new_invent-5Fconnector","isCustomApiSolutionAware":true}}</ConnectionReferences>
      <DatabaseReferences>{}</DatabaseReferences>
      <AppComponents>[]</AppComponents>
      <AppComponentDependencies>[]</AppComponentDependencies>
      <CanConsumeAppPass>1</CanConsumeAppPass>
      <CanvasAppType>0</CanvasAppType>
      <BypassConsent>0</BypassConsent>
      <AdminControlBypassConsent>0</AdminControlBypassConsent>
      <EmbeddedApp xsi:nil="true"></EmbeddedApp>
      <IntroducedVersion>1.0</IntroducedVersion>
      <CdsDependencies>{"cdsdependencies":[{"logicalname":"new_invent-5Fconnector","componenttype":372,"componenttypeplatformname":"connector"}]}</CdsDependencies>
      <IsCustomizable>1</IsCustomizable>
      <BackgroundImageUri>/CanvasApps/msbuild_inventonhand_540a0_BackgroundImageUri</BackgroundImageUri>
      <DocumentUri>/CanvasApps/msbuild_inventonhand_540a0_DocumentUri.msapp</DocumentUri>
    </CanvasApp>
  </CanvasApps>
  <Connectors>
    <Connector>
      <connectorid>cbd281f7-a1e9-ed11-a7c5-6045bd033774</connectorid>
      <description></description>
      <displayname>Invent_Connector</displayname>
      <iconbrandcolor>#007ee5</iconbrandcolor>
      <name>new_invent-5Fconnector</name>
      <connectortype>1</connectortype>
      <openapidefinition>/Connector/new_invent-5Fconnector_openapidefinition.json</openapidefinition>
      <connectionparameters>/Connector/new_invent-5Fconnector_connectionparameters.json</connectionparameters>
      <policytemplateinstances>/Connector/new_invent-5Fconnector_policytemplateinstances.json</policytemplateinstances>
    </Connector>
  </Connectors>
  <Languages>
    <Language>1033</Language>
  </Languages>
</ImportExportXml>